A-Data;AD3U160022G11-R 2GB PC 12800;DDR3;1;2;2;1600;217000;1.347095417
A-Data;AD3U1600W4G11-R 4GB PC 12800;DDR3;1;4;4;1600;350000;1.522523988
A-Data;AD3U1600W8G11-R 8GB PC 12800;DDR3;1;8;8;1600;585000;1.865789294
A-Data;AX3U1600W4G9-DB (2x4Gb) PC 1600 Black Heatsink;DDR3;2;4;8;1600;785000;1.914768886
A-Data;AX3U1600W4G9-RB (1X4Gb) Black Heatsink;DDR3;1;4;4;1600;441000;1.544809702
A-Data;AX3U1600W8G9-DB (2x8Gb) PC 1600 Black Heatsink;DDR3;2;8;16;1600;1679000;2.705136233
A-Data;AX3U1600W8G9-RB (1x8Gb) PC 1600 Black Heatsink;DDR3;1;8;8;1600;751000;1.906442355
A-Data;AX3U1866W4G10-DR (2x4Gb) PC 1866 Red Heatsink;DDR3;2;4;8;1866;930000;2.195147825
A-Data;AX3U1866W8G10-DR (2x8Gb) PC 1866 Red Heatsink;DDR3;2;8;16;1866;1576000;2.924780478
A-Data;AX3U2133W4G10-DBV-RG (2x4GB PC 2133);DDR3;2;4;8;2133;1015000;2.461753446
Apacer;4Gb PC 12800;DDR3;1;4;4;1600;390000;1.532319906
Apacer;4Gb PC 1600 / 12800 Black Panther;DDR3;1;4;4;1600;390000;1.532319906
Avexir;AVD3U16000904G-2CW (2 x 4Gb) PC 1600/12800 Blue;DDR3;2;4;8;1600;745000;1.904972968
Avexir;AVD3U16001104G-1CW (1 x 4Gb) Blue PC 1600/12800;DDR3;1;4;4;1600;295000;1.5090546
Avexir;AVD3U16001104G-2CIR (2 X 4Gb) PC 1600/12800 Red;DDR3;2;4;8;1600;565000;1.860891335
Avexir;AVD3U16001104G-2CW (2 x 4Gb) Blue PC 1600/12800;DDR3;2;4;8;1600;565000;1.860891335
Avexir;AVD3U16001108G-1CIW 8GB (1x8GB);DDR3;1;8;8;1600;465000;1.836401539
Avexir;AVD3U16001108G-2CIR 16GB (2x8GB) Dual Channel;DDR3;2;8;16;1600;975000;2.53272807
Avexir;AVD3U16001108G-2CIW 16GB (2x8GB) Dual Channel;DDR3;2;8;16;1600;980000;2.53395256
Avexir;AVD3U16001108G-2CW 16GB (2x8GB) Dual Channel;DDR3;2;8;16;1600;980000;2.53395256
Bulldozer;2Gb PC 12800;DDR3;1;2;2;1600;185000;1.339258682
Bulldozer;4Gb PC 12800;DDR3;1;4;4;1600;340000;1.520075009
Corsair;CML4GX3M1A1600C9 (1x4Gb) Vengeance Blue PC12800 4GB;DDR3;1;4;4;1600;470000;1.551911743
Corsair;CMV2GX3M1B1333C9 (1X2Gb) Value 2GB PC10600;DDR3;1;2;2;1333;270000;1.114285714
Corsair;CMV4GX3M1A1600C11 (1x4Gb) Value 4GB PC12800;DDR3;1;4;4;1600;450000;1.547013784
Corsair;CMV8GX3M1A1600C11 (1x8Gb) Value 8GB PC12800;DDR3;1;8;8;1600;790000;1.915993376
Corsair;CMV8GX3M2A1600C11 (2 x 4Gb);DDR3;2;4;8;1600;870000;1.935585213
Corsair;CMY16GX3M2A1600C9 (2X8Gb) Vengeance Pro Black PC12800 16Gb;DDR3;2;8;16;1600;1695000;2.7090546
Corsair;CMY16GX3M2A1600C9A (2X8Gb) GOLD Vengeance Pro;DDR3;2;8;16;1600;1695000;2.7090546
Corsair;CMY16GX3M2A1600C9B (2X8Gb) Vengeance Pro Blue PC12800 16Gb;DDR3;2;8;16;1600;1695000;2.7090546
Corsair;CMY16GX3M2A1600C9R (2X8Gb) Vengeance Pro Red PC12800 16Gb;DDR3;2;8;16;1600;1695000;2.7090546
Corsair;CMY16GX3M2A2400C11A (2x8Gb) Gold;DDR3;2;8;16;2400;1705000;3.447950904
Corsair;CMY16GX3M2A2400C11R (2x8Gb);DDR3;2;8;16;2400;1705000;3.447950904
Corsair;CMY32GX3M4A1600C9 (4X8Gb) Vengeance Pro;DDR3;4;8;32;1600;3260000;4.235177049
Corsair;CMY32GX3M4A1600C9B (4X8Gb) Vengeance Pro;DDR3;4;8;32;1600;3260000;4.235177049
Corsair;CMY32GX3M4A1600C9R (4X8Gb) Vengeance Pro;DDR3;4;8;32;1600;3260000;4.235177049
Corsair;CMY32GX3M4A2400C11R (4x8Gb) Vengeance Pro;DDR3;4;8;32;2400;3285000;4.977746822
Corsair;CMY8GX3M2A1600C9 (2x4Gb) Vengeance Pro Black PC12800 8GB;DDR3;2;4;8;1600;925000;1.9490546
Corsair;CMY8GX3M2A1600C9A (2X4Gb) GOLD Vengeance Pro;DDR3;2;4;8;1600;925000;1.9490546
Corsair;CMY8GX3M2A1600C9B (2x4Gb) Vengeance Pro Blue PC12800 8Gb;DDR3;2;4;8;1600;925000;1.9490546
Corsair;CMY8GX3M2A1600C9R (2x4Gb) Vengeance Pro Red PC12800 8Gb;DDR3;2;4;8;1600;925000;1.9490546
Corsair;CMY8GX3M2A2400C11 (2x4Gb);DDR3;2;4;8;2400;935000;2.687950904
Corsair;CMY8GX3M2A2400C11R (2x4Gb);DDR3;2;4;8;2400;935000;2.687950904
Corsair;CMZ16GX3M2A1600C9 (2x8Gb) Vengeance Black PC12800 16GB;DDR3;2;8;16;1600;1685000;2.706605621
Corsair;CMZ4GX3M1A1600C9 (1x4Gb) Vengeance Black PC12800 4GB;DDR3;1;4;4;1600;485000;1.555585213
Corsair;CMZ4GX3M1A1600C9B (1x4Gb) Vengeance Blue PC12800 4GB;DDR3;1;4;4;1600;485000;1.555585213
Corsair;CMZ4GX3M2A1600C9 (2x2Gb) Vengeance Black PC12800 4GB;DDR3;2;2;4;1600;545000;1.57027909
Corsair;CMZ4GX3M2A1600C9B Vengeance Blue PC12800 4GB;DDR3;1;4;4;1600;545000;1.57027909
Corsair;CMZ8GX3M1A1600C9 (1X8Gb) Vengeance Black PC12800 8GB;DDR3;1;8;8;1600;865000;1.934360723
Corsair;CMZ8GX3M2A1600C9 (2X4Gb) Vengeance Black PC12800 8GB;DDR3;2;4;8;1600;920000;1.947830111
Corsair;CMZ8GX3M2A1600C9B (2x4Gb) Vengeance Blue PC12800 8GB;DDR3;2;4;8;1600;920000;1.947830111
Corsair;CMZ8GX3M2A1600C9R (2x4Gb) Vengeance Red PC12800 8GB;DDR3;2;4;8;1600;920000;1.947830111
Deam;2Gb PC 10600 / 1333 Deam;DDR3;1;2;2;1333;175000;1.091020408
Elpida;2Gb PC 10600;DDR3;1;2;2;1333;205000;1.098367347
G.SKILL;AEGIS PC10600 2GB Single Channel F3-10600CL9S-2GBNS;DDR3;1;2;2;1333;263000;1.112571429
G.SKILL;AEGIS PC12800 (1x4Gb) F3-1600C11S-4GIS;DDR3;1;4;4;1600;453000;1.547748478
G.SKILL;AEGIS PC12800 (1x8Gb) F3-1600C11S-8GIS;DDR3;1;8;8;1600;793000;1.91672807
G.SKILL;F3-12800CL9D-4GBXL Performance Series-Ripjaws X PC3-12800 / 1600 MHZ (2X2GB);DDR3;2;2;4;1600;563000;1.574687253
G.SKILL;F3-14900CL10S-8GBXL Performance Series - Ripjaws X (1x8GB) PC14900;DDR3;1;8;8;1866;863000;2.178739662
G.SKILL;F3-1866C10Q-32GXL Performance Series - Ripjaws X (4x8Gb) PC 14900;DDR3;4;8;32;1866;3245000;4.476372315
G.SKILL;F3-2400C11D-16GXM Performance Series - Ripjaws X (2x8Gb) PC 19200;DDR3;2;8;16;2400;1728000;3.453583557
G.SKILL;F3-2400C11D-8GXM Performance Series - Ripjaws X (2x4Gb) PC 19200;DDR3;2;4;8;2400;918000;2.683787638
G.SKILL;Ripjaws PC12800 8GB (2x4GB) F3-12800CL9D-8GBRL;DDR3;2;4;8;1600;886000;1.93950358
G.SKILL;RipjawsX PC12800 16GB (2x8GB) F3-12800CL10D-16GBXL;DDR3;2;8;16;1600;1673000;2.703666845
GEIL;Leggera GEL34GB1600C9DC 4G (2 x 2Gb) PC 12800;DDR3;2;2;4;1600;465000;1.550687253
Hynix;2Gb PC 10600;DDR3;1;2;2;1333;195000;1.095918367
Kingston;HX316C10FB/4 (Single Module 4GB x 1) (Black Heatspreader) PC 12800;DDR3;1;4;4;1600;405000;1.535993376
Kingston;HYPERX FURY - HX316C10F/4 (Single Module 4GB x 1) (Blue Heatspreader) PC 12800;DDR3;1;4;4;1600;405000;1.535993376
Kingston;HYPERX FURY - HX316C10FR/4 (Single Module 4GB x 1) (Red Heatspreader) PC 12800;DDR3;1;4;4;1600;405000;1.535993376
Kingston;HYPERX FURY - HX318C10FBK2/16 (Dual Channel Kit 8GB x 2) (Black Heatspreader) PC 15000;DDR3;2;8;16;1866;1748000;2.966902927
Kingston;HYPERX FURY - HX318C10FBK2/8 (Dual Channel Kit 4GB x 2) (Black Heatspreader) PC 15000;DDR3;2;4;8;1866;938000;2.197107009
Kingston;HYPERX FURY - HX318C10FK2/16 (Dual Channel Kit 8GB x 2) (Blue Heatspreader) PC 15000;DDR3;2;8;16;1866;1748000;2.966902927
Kingston;HYPERX FURY - HX318C10FK2/8 (Dual Channel Kit 4GB x 2) (Blue Heatspreader) PC 15000;DDR3;2;4;8;1866;938000;2.197107009
Kingston;HYPERX FURY - HX318C10FRK2/16 (Dual Channel Kit 8GB x 2) (Red Heatspreader) PC 15000;DDR3;2;8;16;1866;1748000;2.966902927
Kingston;HYPERX FURY - HX318C10FRK2/8 (Dual Channel Kit 4GB x 2) (Red Heatspreader) PC 15000;DDR3;2;4;8;1866;938000;2.197107009
Kingston;HYPERX FURY - HX318C10FWK2/16 (Dual Channel Kit 8GB x 2) (White Heatspreader) PC 15000;DDR3;2;8;16;1866;1748000;2.966902927
Kingston;HYPERX FURY - HX318C10FWK2/8 - HX318C10FWK2/8 (Dual Channel Kit 4GB x 2) (White Heatspreader) PC 15000;DDR3;2;4;8;1866;938000;2.197107009
Kingston;HYPERX Genesis - KHX2133C11D3K4/16GX PC 17000;DDR3;4;4;16;2133;1355000;3.116447324
Kingston;HYPERX Savage - HX316C9SR/4 (Single Module 4GB x 1) Red PC 12800;DDR3;1;4;4;1600;459000;1.549217866
Kingston;KHX21C11T2K2/16X (Dual Channel Kit 8GB x 2) PC 17000 Hyper X Predator;DDR3;2;8;16;2133;1150000;3.066243242
Kingston;KHX21C11X3K4/16X (Quad Channel Kit 4GB x 4) PC16500;DDR3;4;4;16;2133;1490000;3.149508548
Kingston;KVR16N11/8 8Gb PC 12800;DDR3;1;8;8;1600;799000;1.918197458
Kingston;KVR16N11S6/2 2Gb PC 12800;DDR3;1;2;2;1600;248000;1.354687253
Kingston;KVR16N11S8/4 4Gb PC 12800;DDR3;1;4;4;1600;418000;1.539177049
Kingston;KVR16N11S8K2/8 8Gb PC 12800 (4Gb x 2);DDR3;2;4;8;1600;902000;1.943421947
Maestro;4Gb PC 10600 / 1333;DDR3;1;4;4;1333;298000;1.264
Maestro;4Gb PC 12800 / 1600;DDR3;1;4;4;1600;318000;1.514687253
Maestro;8Gb PC 10600 / 1333;DDR3;1;8;8;1333;598000;1.623183673
Maestro;8Gb PC 12800 / 1600;DDR3;1;8;8;1600;598000;1.868972968
Micron;8Gb PC 12800;DDR3;1;8;8;1600;710000;1.896401539
MidasForce;1Gb PC 10600 / 1333;DDR3;1;1;1;1333;95000;1
MidasForce;2Gb PC 10600 / 1333Mhz;DDR3;1;2;2;1333;164000;1.088326531
MidasForce;4Gb PC 12800;DDR3;1;4;4;1600;360000;1.524972968
OCPC;VALUE 8GB PC 12800 (1x8GB);DDR3;1;8;8;1600;745000;1.904972968
OCPC;XTREME PC12800 1600Mhz 8GB (1x8GB);DDR3;1;8;8;1600;825000;1.924564804
PATRIOT;PSD3 2G 1600 H Module;DDR3;1;2;2;1600;180000;1.338034192
PATRIOT;PSD3 4G 1600 H;DDR3;1;4;4;1600;339000;1.519830111
PATRIOT;PSD3 4G 1600 KH ( 2X2GB) PC12800 4GB;DDR3;2;2;4;1600;387000;1.531585213
PATRIOT;PSD3 8G 1600 H;DDR3;1;8;8;1600;690000;1.89150358
PATRIOT;PSD3 8G 1600 KH (4Gb x 2);DDR3;2;4;8;1600;704000;1.894932151
PATRIOT;PV3 16G 160 C9K (2x8Gb);DDR3;2;8;16;1600;1434000;2.645136233
PATRIOT;PV3 8G 160 C9K (2x4Gb) CL 9-9-9-24;DDR3;2;4;8;1600;805000;1.919666845
PATRIOT;PV3 8G 240 C1K ( 2x4Gb);DDR3;2;4;8;2400;783000;2.650726414
PATRIOT;PVL3 4G 160 C1BL;DDR3;1;4;4;1600;392000;1.532809702
PATRIOT;PVL3 8G 160 C1BL;DDR3;1;8;8;1600;736000;1.902768886
Samsung;2Gb PC 12800;DDR3;1;2;2;1600;205000;1.344156641
Samsung;4Gb PC 10600;DDR3;1;4;4;1333;430000;1.296326531
Savio;2Gb PC 10600;DDR3;1;2;2;1333;200000;1.097142857
Savio;4Gb PC 10600;DDR3;1;4;4;1333;350000;1.276734694
Silicon Power;2Gb PC 1600 / 12800;DDR3;1;2;2;1600;213000;1.346115825
Silicon Power;4Gb PC 1600 / 12800;DDR3;1;4;4;1600;405000;1.535993376
Silicon Power;8Gb PC 1600 / 12800;DDR3;1;8;8;1600;735000;1.902523988
Team;TDD316G1600HC9DC01 (8Gbx2);DDR3;2;8;16;1600;1505000;2.662523988
Team;TDD38G1600HC9DC01 (4Gbx2);DDR3;2;4;8;1600;855000;1.931911743
Team;TDKED316G2133HC10QDC01 (8Gbx2);DDR3;2;8;16;2133;1535000;3.160528956
Team;TDKED316G2400HC11CDC01 (8Gbx2);DDR3;2;8;16;2400;1550000;3.40999172
Team;TDKED34G1600HC901 (4Gb);DDR3;1;4;4;1600;435000;1.543340315
Team;TDKED38G1600HC901 ( 1x8Gb);DDR3;1;8;8;1600;760000;1.908646437
Team;TDKED38G1600HC9DC01 (4Gbx2);DDR3;2;4;8;1600;855000;1.931911743
Team;TDKED38G2133HC10QDC01 (4Gbx2);DDR3;2;4;8;2133;875000;2.427467732
Team;TDKED38G2400HC11CDC01 (4Gbx2);DDR3;2;4;8;2400;890000;2.676930495
Team;TED38GM1866HC1301;DDR3;1;8;8;1866;755000;2.152290682
Team;TLD316G2133HC11ADC01 (8Gbx2);DDR3;2;8;16;2133;1535000;3.160528956
Team;TLD316G2400HC11CDC01 (8Gbx2);DDR3;2;8;16;2400;1550000;3.40999172
Team;TLD38G2400HC11CDC01 (4Gbx2);DDR3;2;4;8;2400;890000;2.676930495
Team;TLRED316G1600HC9DC01 (8Gbx2);DDR3;2;8;16;1600;1505000;2.662523988
Team;TLRED316G2133HC11ADC01 (8Gbx2);DDR3;2;8;16;2133;1535000;3.160528956
Team;TLRED38G1600HC9DC01 (4Gbx2);DDR3;2;4;8;1600;855000;1.931911743
Team;TLRED38G2133HC10QDC01 (4Gbx2);DDR3;2;4;8;2133;875000;2.427467732
Team;TLRED38G2400HC11CDC01 (4Gbx2);DDR3;2;4;8;2400;870000;2.672032536
Team;TPD316G1600HC11DC01 (8Gbx2);DDR3;2;8;16;1600;1475000;2.655177049
Team;TPD32GM1600HC1101 (2Gb);DDR3;1;2;2;1600;245000;1.35395256
Team;TPD34G1600HC1101 (4Gb);DDR3;1;4;4;1600;410000;1.537217866
Team;TPD34G1600HC11DC01 (2Gbx2);DDR3;2;2;4;1600;475000;1.553136233
Team;TPD34G1866HC1301 (4Gb);DDR3;1;4;4;1866;420000;1.78453558
Team;TPD38G1600HC1101 (8Gb);DDR3;1;8;8;1600;745000;1.904972968
Team;TPD38G1600HC11DC01 (4Gbx2);DDR3;2;4;8;1600;805000;1.919666845
Team;TPD38GM1866HC1301 (8Gb);DDR3;1;8;8;1866;755000;2.152290682
Team;TPD3L4GM1600HC1101 4Gb;DDR3;1;4;4;1600;410000;1.537217866
Team;TPD3L8GM1600HC1101 8Gb;DDR3;1;8;8;1600;745000;1.904972968
Transcend;1Gb PC 10600/1333;DDR3;1;1;1;1333;286000;1.04677551
Transcend;2Gb PC 10600/1333 8IC;DDR3;1;2;2;1333;348000;1.133387755
Transcend;2Gb PC 1600;DDR3;1;2;2;1600;380000;1.387013784
Transcend;4Gb PC 10600/1333;DDR3;1;4;4;1333;610000;1.340408163
Transcend;4Gb PC 1600;DDR3;1;4;4;1600;513000;1.562442355
Transcend;8Gb PC 1600;DDR3;1;8;8;1600;941000;1.952972968
V-GEN;2Gb PC 10600 / 1333 V-GEN;DDR3;1;2;2;1333;248000;1.108897959
V-GEN;2Gb PC 12800 / 1600 V-GEN;DDR3;1;2;2;1600;248000;1.354687253
V-GEN;4Gb PC 10600 / 1333 V-GEN;DDR3;1;4;4;1333;423000;1.294612245
V-GEN;4Gb PC 12800 / 1600 V-GEN;DDR3;1;4;4;1600;423000;1.540401539
V-GEN;8Gb PC 10600 / 1333 V-GEN;DDR3;1;8;8;1333;808000;1.674612245
V-GEN;8GB PC 12800 / 1600 V-GEN;DDR3;1;8;8;1600;808000;1.920401539
Venomrx;1Gb PC 1333 Venomrx;DDR3;1;1;1;1333;123000;1.006857143
Venomrx;1Gb PC 1333 Venomrx;DDR3;1;1;1;1333;143000;1.011755102
Venomrx;2Gb PC 1333 Venomrx;DDR3;1;2;2;1333;178000;1.091755102
Venomrx;2Gb PC 1333 Venomrx;DDR3;1;2;2;1333;205000;1.098367347
Venomrx;2Gb PC 1600 Venomrx;DDR3;1;2;2;1600;179000;1.337789294
Venomrx;2Gb PC 1600 Venomrx;DDR3;1;2;2;1600;207000;1.344646437
Venomrx;4Gb PC 1333 Venomrx;DDR3;1;4;4;1333;328000;1.271346939
Venomrx;4Gb PC 1333 Venomrx;DDR3;1;4;4;1333;355000;1.277959184
Venomrx;4Gb PC 1600 Venomrx;DDR3;1;4;4;1600;330000;1.517626029
Venomrx;4Gb PC 1600 Venomrx;DDR3;1;4;4;1600;357000;1.524238274
Venomrx;8Gb PC 1333 Venomrx;DDR3;1;8;8;1333;587000;1.620489796
Venomrx;8Gb PC 1333 Venomrx;DDR3;1;8;8;1333;615000;1.627346939
Venomrx;8Gb PC 1600 Venomrx;DDR3;1;8;8;1600;594000;1.867993376
Venomrx;8Gb PC 1600 Venomrx;DDR3;1;8;8;1600;622000;1.874850519
Visipro;2Gb PC 12800 / 1600Mhz;DDR3;1;2;2;1600;245000;1.35395256
Visipro;4Gb PC 12800 / 1600Mhz;DDR3;1;4;4;1600;397000;1.534034192
Visipro;8Gb PC 12800;DDR3;1;8;8;1600;780000;1.913544396
Zeppelin;2Gb PC 10600;DDR3;1;2;2;1333;195000;1.095918367
A-Data;AD4U2133W4G15-R (4Gb PC 2133);DDR4;1;4;4;2133;566000;2.066079977
A-Data;AD4U2133W8G15-R (8Gb PC 2133);DDR4;1;8;8;2133;957000;2.447549364
A-Data;AX4U2133W4G13-DRZ (2x4Gb) CL-13 PC 2133 Red Z1 Heatsink;DDR4;2;4;8;2133;1035000;2.466651405
A-Data;AX4U2133W8G13-DRZ (2x8Gb) CL-13 PC 2133 Red Z1 Heatsink;DDR4;2;8;16;2133;1887000;3.246733038
A-Data;AX4U2400W4G16-DRZ (2x4Gb) CL-16 PC 2400 Red Z1 Heatsink;DDR4;2;4;8;2400;1156000;2.742073352
A-Data;AX4U2400W4G16-QRZ (4x4GB PC 2400);DDR4;4;4;16;2400;2059000;3.534644781
A-Data;AX4U2400W8G16-DRZ (2x8Gb) CL-16 PC 2400 Red Z1 Heatsink;DDR4;2;8;16;2400;1986000;3.51676723
A-Data;AX4U2400W8G16-QRZ (4x4GB PC 2400);DDR4;4;4;16;2400;3466000;3.87921621
Apacer;4Gb PC 19200 / 2400 Panther Golden;DDR4;1;4;4;2400;405000;2.272440699
Apacer;8Gb PC 19200 / 2400 Panther Golden;DDR4;1;8;8;2400;820000;2.659787638
Asgard;Leorice 8Gb PC 2400;DDR4;1;8;8;2400;925000;2.685501924
Asgard;Leorice 8Gb x 2 (16Gb) PC 2400 White/Black;DDR4;2;8;16;2400;1630000;3.429583557
Asgard;Loki 8Gb PC 2400 White / Black;DDR4;1;8;8;2400;975000;2.697746822
Asgard;Loki 8Gb PC 2400 White/Black;DDR4;1;8;8;2400;950000;2.691624373
Asgard;Loki 8Gb x 2 (16Gb) PC 2400 Dual Chanel White / Black;DDR4;2;8;16;2400;1675000;3.440603965
Avexir;AVD4UZ124001604G-2COB (2x4Gb) Dual Channel PC 19200 Core Blue;DDR4;2;4;8;2400;905000;2.680603965
Avexir;AVD4UZ124001604G-2COR (2x4GB) Dual Channel PC 19200 Core Red;DDR4;2;4;8;2400;755000;2.643869271
Avexir;AVD4UZ124001604G-2COW (2x4Gb) Dual Channel PC 19200 Core White;DDR4;2;4;8;2400;760000;2.645093761
Avexir;AVD4UZ124001608G-1COR(1x8GB) PC19200;DDR4;1;8;8;2400;740000;2.640195801
Avexir;AVD4UZ124001608G-2COR (2x8GB) Dual Channel PC 19200 Core Red;DDR4;2;8;16;2400;1475000;3.391624373
Avexir;AVD4UZ130001504G-2BZ1RR (2x4Gb) Dual Channel PC 24000 Blitz Red;DDR4;2;4;8;3000;870000;3.224368029
Avexir;AVD4UZ130001508G-4RD (4 x 8Gb) PC 24000;DDR4;4;8;32;3000;3500000;5.582735376
Avexir;AVD4UZ130001508G-4RD (4x8Gb) Quad Chanel PC 24000 Reiden Series;DDR4;4;8;32;3000;3500000;5.582735376
Corsair;CMD16GX4M2A2666C15 (2x8Gb);DDR4;2;8;16;2666;1935000;3.749146169
Corsair;CMD16GX4M2B3000C15 (2x8Gb);DDR4;2;8;16;3000;1985000;4.068857825
Corsair;CMD16GX4M4B3200C16 - ROG (4X4GB);DDR4;4;4;16;3200;2935000;4.485622717
Corsair;CMD32GX4M2B3000C15 (16Gb x 2);DDR4;2;16;32;3000;3585000;5.603551702
Corsair;CMK16GX4M2A2666C16 (2x8Gb) Vengeance LPX PC21000 16GB;DDR4;2;8;16;2666;1705000;3.692819639
Corsair;CMK16GX4M2A2666C16R (2x8Gb) Vengeance LPX PC21000 16GB;DDR4;2;8;16;2666;1705000;3.692819639
Corsair;CMK16GX4M2A2666C16W (2x8Gb) Vengeance LPX PC21000 16GB;DDR4;2;8;16;2666;1705000;3.692819639
Corsair;CMK16GX4M2B3200C16 (2x8Gb) Vengeance LPX PC25600 16GB;DDR4;2;8;16;3200;1785000;4.203990064
Corsair;CMK16GX4M2B3200C16R (2x8Gb) Vengeance LPX PC25600 16GB;DDR4;2;8;16;3200;1785000;4.203990064
Corsair;CMK16GX4M2B3200C16W (2x8Gb) Vengeance LPX PC25600 16GB;DDR4;2;8;16;3200;1785000;4.203990064
Corsair;CMK16GX4M2B3200C18 (2x8Gb) Vengeance LPX PC28800 16GB;DDR4;2;8;16;3200;2660000;4.418275778
Corsair;CMK32GX4M2B3000C15 (2X16GB);DDR4;2;16;32;3000;3260000;5.523959866
Corsair;CMK32GX4M2B3200C16 (2X16Gb);DDR4;2;16;32;3200;3960000;5.879500268
Corsair;CMK32GX4M2B3200C16R (2X16Gb);DDR4;2;16;32;3200;3960000;5.879500268
Corsair;CMK32GX4M2B3200C16W (2X16Gb);DDR4;2;16;32;3200;3960000;5.879500268
Corsair;CMK32GX4M4A2666C15 (4x8Gb);DDR4;4;8;32;2666;3010000;5.155268618
Corsair;CMK32GX4M4B32000C16 (4 X 8Gb);DDR4;4;8;32;3200;3410000;5.74480639
Corsair;CMK4GX4M1A2400C14 (1x4Gb) Vengeance LPX PC19200 4GB;DDR4;1;4;4;2400;525000;2.301828455
Corsair;CMK4GX4M1A2400C14R (1x4Gb) RED Vengeance LPX PC19200 4GB;DDR4;1;4;4;2400;525000;2.301828455
Corsair;CMK8GX4M1A2400C14 (1X8Gb) Vengeance LPX PC19200 8GB;DDR4;1;8;8;2400;885000;2.675706006
Corsair;CMK8GX4M1A2400C14R (1X8Gb) RED Vengeance LPX PC19200 8GB;DDR4;1;8;8;2400;885000;2.675706006
Corsair;CMK8GX4M2A2666C16 (2x4Gb) Vengeance LPX PC21000 8GB;DDR4;2;4;8;2666;985000;2.945064537
Corsair;CMK8GX4M2A2666C16R (2x4Gb);DDR4;2;4;8;2666;985000;2.945064537
Corsair;CMK8GX4M2B3200C16 (2x4Gb) Vengeance LPX PC25600 8GB;DDR4;2;4;8;3200;1185000;3.485622717
Corsair;CMK8GX4M2B3200C16R (2x4Gb) engeance LPX PC25600 8GB;DDR4;2;4;8;3200;1185000;3.485622717
Corsair;CMU16GX4M2A2666C16 (2x8Gb)Vengeance White LED PC21000 16GB;DDR4;2;8;16;2666;1760000;3.706289026
Corsair;CMU16GX4M2A2666C16R (2x8Gb)Vengeance RED LED PC21000 16GB;DDR4;2;8;16;2666;1760000;3.706289026
Corsair;CMU16GX4M2C3200C16 (2x8Gb)Vengeance White LED PC25600 16GB;DDR4;2;8;16;3200;1945000;4.243173737
Corsair;CMU16GX4M2C3200C16B (2x8Gb)Vengeance BLUE LED PC25600 16GB;DDR4;2;8;16;3200;1945000;4.243173737
Corsair;CMU16GX4M2C3200C16R (2x8Gb)Vengeance RED LED PC25600 16GB;DDR4;2;8;16;3200;1945000;4.243173737
Corsair;CMU32GX4M2C3200C16 (2X16GB)Vengeance White LED PC25600 32GB;DDR4;2;16;32;3200;4660000;6.050928839
Corsair;CMU32GX4M2C3200C16B;DDR4;2;16;32;3200;4660000;6.050928839
Corsair;CMU32GX4M2C3200C16R;DDR4;2;16;32;3200;4660000;6.050928839
Corsair;CMU32GX4M4C3200C16 (4X8GB) Led White;DDR4;4;8;32;3200;3860000;5.855010472
Corsair;CMV4GX4M1A2133C15 (1 x 4Gb) Value PC 17000;DDR4;1;4;4;2133;490000;2.047467732
Corsair;CMV8GX4M1A2133C15 ( 1x8Gb) Value 8GB PC17000;DDR4;1;8;8;2133;825000;2.415222834
G.SKILL;AEGIS PC19200 (1x4Gb) F4-2400C15S-4GIS;DDR4;1;4;4;2400;482000;2.291297842
G.SKILL;AEGIS PC19200 (1x8Gb) F4-2400C15S-8GIS;DDR4;1;8;8;2400;808000;2.656848863
G.SKILL;Ripjaws V PC 19200 4GB (1x4GB) F4-2400C15S-4GVR (1x4Gb) PC 19200;DDR4;1;4;4;2400;543000;2.306236618
G.SKILL;"Ripjaws V PC 19200 8GB (1x8GB) F4-2400C15S-8GVR (1x8Gb) PC 19200 Ripjaws 5";DDR4;1;8;8;2400;873000;2.67276723
G.SKILL;RipjawsV PC19200 16GB (2x8GB) F4-2400C15D-16GVR;DDR4;2;8;16;2400;1667000;3.438644781
G.SKILL;RipjawsV PC19200 32GB (4x8GB) F4-2400C15Q-32GVR;DDR4;4;8;32;2400;3092000;4.930481516
G.SKILL;RipjawsV PC19200 8GB (2x4GB) F4-2400C15D-8GVR;DDR4;2;4;8;2400;958000;2.693583557
G.SKILL;RipjawsV PC21300 16GB (2x8GB) F4-2666C15D-16GVB;DDR4;2;8;16;2666;1685000;3.687921679
G.SKILL;RipjawsV PC21300 32GB (2x16GB) F4-2666C15D-32GVR;DDR4;2;16;32;2666;3592000;5.29779923
G.SKILL;RipjawsV PC21300 8GB (2x4GB) F4-2666C15D-8GRR;DDR4;2;4;8;2666;967000;2.940656373
G.SKILL;TridentZ PC24000 64GB (4x16GB) F4-3000C14Q-64GTZ;DDR4;4;16;64;3000;7445000;8.83457211
G.SKILL;TridentZ PC25600 16GB (2x8GB) F4-3200C16D-16GTZB;DDR4;2;8;16;3200;2045000;4.267663533
G.SKILL;TridentZ PC25600 32GB (2x16GB) Dual Channel F4-3200C16D-32GTZKW;DDR4;2;16;32;3200;3265000;5.709296186
G.SKILL;TridentZ PC25600 32GB (2x16GB) Dual Channel F4-3200C16D-32GTZSK;DDR4;2;16;32;3200;3995000;5.888071696
G.SKILL;TridentZ PC25600 32GB (4x8GB) Dual Channel F4-3200C14Q-32GTZ;DDR4;4;8;32;3200;4515000;6.015418635
G.SKILL;TridentZ PC25600 32GB (4x8GB) F4-3200C16Q-32GTZ 16-16-16-36;DDR4;4;8;32;3200;4145000;5.92480639
G.SKILL;TridentZ PC25600 8GB (2x4GB) F4-3200C16D-8GTZB;DDR4;2;4;8;3200;1367000;3.530194145
G.SKILL;TridentZ PC34100 8GB (2x4GB) F4-4266C19D-8GTZ;DDR4;2;4;8;4266;3745000;5.093877551
G.SKILL;TridentZ RGB PC25600 32GB (4x8GB) Quad Channel F4-3200C16Q-32GTZR;DDR4;4;8;32;3200;5205000;6.184398227
GEIL;DRAGON RAM - 10 Layer PCB - PC19200 Dual Channel 16GB (2x8GB) GWB416GB2400C16DC;DDR4;2;8;16;2400;1405000;3.374481516
GEIL;EVO X RGB LED PC19200 Dual Channel 8GB (2x4GB) GEX48GB2400C16DC-Black Heat Spreader;DDR4;2;4;8;2400;860000;2.669583557
GEIL;EVO X RGB LED PC19200 Single Channel 16GB (1x16GB) 16-16-16-36 GEX416GB2400C16SC Black Heat-Spreader;DDR4;1;16;16;2400;1435000;3.381828455
GEIL;FORZA PC19200 Dual Channel 8GB (2x4GB) GFR48GB2400C16DC;DDR4;2;4;8;2400;865000;2.670808046
GEIL;FORZA PC19200 Single Channel 16GB (1x16GB) GFR416GB2400C16SC;DDR4;1;16;16;2400;1385000;3.369583557
GEIL;GEIL EVO X RGB LED PC19200 Single Channel 8GB (1x8GB) 16-16-16-36 GEXW48GB2400C16SC - White Heat-Spreader;DDR4;1;8;8;2400;840000;2.664685597
GEIL;SUPER LUCE - RED - PC19200 Dual Channel 16GB (2x8GB) GLR416GB2400C16DC;DDR4;2;8;16;2400;1325000;3.354889679
GEIL;SUPER LUCE - RED - PC19200 Dual Channel 8GB (2x4GB) GLR48GB2400C16DC;DDR4;2;4;8;2400;760000;2.645093761
Kingston;HX428C14PB2K4/16 HyperX Predator 16GB Kit 2800MHz;DDR4;4;4;16;2400;2250000;3.581420291
Kingston;HYPERX FURY - HX421C14FBK2/16 PC 17000;DDR4;2;8;16;2133;1869000;3.242324875
Kingston;HYPERX FURY - HX421C14FBK2/32 PC 17000;DDR4;2;16;32;2133;3625000;4.815222834
Kingston;HYPERX FURY - HX421C14FBK2/8 PC 17000;DDR4;2;4;8;2133;1026000;2.464447324
Kingston;KVR21N15D8K2/16 (8Gbx2);DDR4;2;8;16;2133;1616000;3.180365691
Kingston;KVR21N15S8/4 1x4Gb PC 2133;DDR4;1;4;4;2133;436000;2.034243242
Kingston;KVR21N15S8/8 1x8Gb PC 2133;DDR4;1;8;8;2133;832000;2.416937119
OCPC;BLADE PC19200 2400Mhz 4GB (1x4GB);DDR4;1;4;4;2400;475000;2.289583557
OCPC;BLADE PC19200 2400Mhz 8GB (1x8GB);DDR4;1;8;8;2400;810000;2.657338659
OCPC;BLADE PC19200 2400Mhz 8GB KIT (2x4GB);DDR4;2;4;8;2400;890000;2.676930495
OCPC;Xtreme 8Gb PC19200 (1x8GB);DDR4;1;8;8;2400;815000;2.658563148
OCPC;XTREME PC19200 2400Mhz 16GB KIT (2x8GB);DDR4;2;8;16;2400;1600000;3.422236618
OCPC;Xtreme PC19200 4GB (1x4GB);DDR4;1;4;4;2400;500000;2.295706006
PATRIOT;PSD4 16G 2400 H;DDR4;1;16;16;2400;1379000;3.368114169
PATRIOT;PSD4 16G 2400 KH (2x8Gb);DDR4;2;8;16;2400;1445000;3.384277434
PATRIOT;PSD4 4G 2133 Module;DDR4;1;4;4;2133;433000;2.033508548
PATRIOT;PSD4 4G 2400 H;DDR4;1;4;4;2400;415000;2.274889679
PATRIOT;PSD4 8G 2400 H;DDR4;1;8;8;2400;755000;2.643869271
PATRIOT;PV4 16G 240 C5K (2 x 8Gb);DDR4;2;8;16;2400;1580000;3.417338659
PATRIOT;PV4 16G 340 C6K Viper (2x8Gb);DDR4;2;8;16;3400;1608000;4.344754956
PATRIOT;PV4 32G 240 C5K ( 2 x 16Gb );DDR4;2;16;32;2400;2641000;4.820032536
PATRIOT;PV4 32G 240 C5QK (4 x 8Gb);DDR4;4;8;32;2400;2638000;4.819297842
PATRIOT;PV4 8G 240 C5K ( 2 x 4Gb );DDR4;2;4;8;2400;858000;2.669093761
PATRIOT;PV4 8G 300 C6K Viper (2x4Gb);DDR4;2;4;8;3000;923000;3.237347621
PATRIOT;PV4 8G 340 C6K Viper (2X4Gb);DDR4;2;4;8;3400;1007000;3.626142711
PATRIOT;PVE4 16G 240 C5KRD (2x8Gb) PC 19200 Viper 4 Elite;DDR4;2;8;16;2400;1580000;3.417338659
PATRIOT;PVE4 32G 240 C5KGY (2x16Gb) PC 19200 Viper 4 Elite;DDR4;2;16;32;2400;2975000;4.901828455
PATRIOT;PVE4 32G 280 C6KGY (2x16Gb) PC 22400 Viper 4 Elite;DDR4;2;16;32;2800;3015000;5.279848035
PATRIOT;PVE4 4G 213 C4GY ( 1 x 4G );DDR4;1;4;4;2133;439000;2.034977936
PATRIOT;PVE4 64G 280 C6QKG (4x16Gb) PC 22400 Viper 4 Elite;DDR4;4;16;64;2800;5050000;8.063929667
PATRIOT;PVE4 64G 280 C6QKR (4x16Gb) PC 22400 Viper 4 Elite;DDR4;4;16;64;2800;5050000;8.063929667
PATRIOT;PVE4 8G 213 C4KGY (2x4Gb);DDR4;2;4;8;2133;822000;2.41448814
PATRIOT;PVE4 8G 240 C5KRD ( 2 x 4Gb );DDR4;2;4;8;2400;843000;2.665420291
Silicon Power;4GB PC 2133 / 17000;DDR4;1;4;4;2133;410000;2.027875895
Silicon Power;4Gbx2 Kit PC 2133 / 17000 8GB;DDR4;1;4;4;2133;915000;2.151549364
Silicon Power;8GB PC 2133 / 17000;DDR4;1;8;8;2133;730000;2.391957528
Silicon Power;8Gbx2 Kit PC 2133 / 17000 16GB;DDR4;2;8;16;2133;1360000;3.117671813
Team;TDGED416G2400HC14DC01 (8Gbx2);DDR4;2;8;16;2400;1540000;3.40754274
Team;TDGED416G3000HC16CDC01 (8Gbx2);DDR4;2;8;16;3000;1610000;3.97702109
Team;TDGED432GB3000HC16AQC01 (8Gbx4);DDR4;4;8;32;3000;3150000;5.49702109
Team;TDGED48G2400HC14DC01 (4Gbx2);DDR4;2;4;8;2400;870000;2.672032536
Team;TDGED48G3000HC16CDC0 (4Gbx2);DDR4;2;4;8;3000;925000;3.237837417
Team;TDKED416G2400HC14DC01 (8Gbx2);DDR4;2;8;16;2400;1515000;3.401420291
Team;TDKED416G2666HC15ADC01 (8Gbx2);DDR4;2;8;16;2666;1235000;3.577717598
Team;TDKED416G3000HC16ADC01 (8Gbx2);DDR4;2;8;16;3000;1580000;3.969674151
Team;TDKED416G3000HC16AQC01 (4x4Gb);DDR4;4;4;16;3000;1750000;4.011306804
Team;TDKED432G3000HC16AQC01 (4x8Gb);DDR4;4;8;32;3000;3150000;5.49702109
Team;TDKED48G2400HC14ADC01 (4Gbx2);DDR4;2;4;8;2400;835000;2.663461108
Team;TDKED48G2666HC15ADC01 (4Gbx2);DDR4;2;4;8;2666;850000;2.912003312
Team;TDKED48G3000HC16ADC01 (4Gbx2);DDR4;2;4;8;3000;880000;3.226817008
Team;TDPRD416G3000HC15ADC01 (8Gbx2);DDR4;2;8;16;3000;1700000;3.999061906
Team;TDPRD416G3200HC16ADC01 (8Gbx2);DDR4;2;8;16;3200;1765000;4.199092105
Team;TDPRD416G3333HC16ADC01 (8GBx2);DDR4;2;8;16;3333;2025000;4.385199942
Team;TDPRD48G3000HC15ADC01 (4Gbx2);DDR4;2;4;8;3000;965000;3.247633335
Team;TDPRD48G3200HC16ADC01 (4Gbx2);DDR4;2;4;8;3200;1000000;3.440316594
Team;TDRED416G2400HC14DC01 (8Gbx2);DDR4;2;8;16;2400;1540000;3.40754274
Team;TDRED416G3000HC15ADC01 (8Gbx2);DDR4;2;8;16;3000;1580000;3.969674151
Team;TDRED416G3000HC16CDC01 (8Gbx2);DDR4;2;8;16;3000;1610000;3.97702109
Team;TDRED48G2400HC14DC01 (4Gbx2);DDR4;2;4;8;2400;870000;2.672032536
Team;TDRED48G3000HC14DC01 (4Gbx2);DDR4;2;4;8;3000;910000;3.234163947
Team;TDRED48G3000HC16ADC01 (4Gbx2);DDR4;2;4;8;3000;880000;3.226817008
Team;TDRED48G3000HC16CDC01 (4Gbx2);DDR4;2;4;8;3000;925000;3.237837417
Team;TDRRD416G3000HC16CDC01 (8Gbx2) red led;DDR4;2;8;16;3000;1910000;4.050490478
Team;TDTRD416G2400HC15ADC01 (8Gbx2);DDR4;2;8;16;2400;1580000;3.417338659
Team;TDTRD416G3000HC16ADC01 (8Gbx2);DDR4;2;8;16;3000;1690000;3.996612927
Team;TDTRD432G2400HC15BDC01 (16Gbx2);DDR4;2;16;32;2400;2950000;4.895706006
Team;TDTRD432G3000HC16CDC01 (16Gbx2 );DDR4;2;16;32;3000;3180000;5.504368029
Team;TDTRD48G2400HC15ADC01 (4Gbx2);DDR4;2;4;8;2400;915000;2.683052944
Team;TDTRD48G3000HC16ADC01 (4Gbx2);DDR4;2;4;8;3000;1000000;3.256204764
Team;THRD416G3200HC16CDC01 (8Gb x 2) red led;DDR4;2;8;16;3200;1800000;4.207663533
Team;THRD432G3200HC16CDC01 (16Gb x 2) red led;DDR4;2;16;32;3200;3055000;5.657867615
Team;TLGD416G2400HC14DC01 (8Gbx2);DDR4;2;8;16;2400;1515000;3.401420291
Team;TLGD416G3000HC16CDC01 (8Gbx2);DDR4;2;8;16;3000;1605000;3.9757966
Team;TLGD48G2400HC14DC01 (4Gbx2);DDR4;2;4;8;2400;860000;2.669583557
Team;TLGD48G3000HC16CDC01 (4Gbx2);DDR4;2;4;8;3000;915000;3.235388437
Team;TLRED416G2400HC15ADC01 (8Gbx2);DDR4;2;8;16;2400;1515000;3.401420291
Team;TLRED416G3000HC15ADC01 (8Gbx2);DDR4;2;8;16;3000;1605000;3.9757966
Team;TLRED48G2400HC14ADC01 (4Gbx2);DDR4;2;4;8;2400;860000;2.669583557
Team;TLRED48G3000HC15ADC01 (4Gbx2);DDR4;2;4;8;3000;915000;3.235388437
Team;TLWED416G2666HC15ADC01 (8Gbx2);DDR4;2;8;16;2666;840000;3.480982904
Team;TLWED416G3000HC15ADC01 (8Gbx2);DDR4;2;8;16;3000;1565000;3.966000682
Team;TLWED48G2666HC15ADC01 (4Gbx2);DDR4;2;4;8;2666;1515000;3.074860455
Team;TLWED48G3000HC15ADC01 (4Gbx2);DDR4;2;4;8;3000;880000;3.226817008
Team;TPD416GM2400HC16DC01 (8Gbx2);DDR4;2;8;16;2400;1545000;3.40876723
Team;TPD432GM2400HC16DC01 (16Gbx2);DDR4;2;16;32;2400;2900000;4.883461108
Team;TPD44GM2400HC1601 (4Gb);DDR4;1;4;4;2400;445000;2.282236618
Team;TPD4816M2400HC1601 (16Gb);DDR4;1;16;16;2400;1460000;3.387950904
Team;TPD48GM2400HC1601 (8Gb);DDR4;1;8;8;2400;780000;2.64999172
Team;TPD48GM2400HC16DC01 (4Gbx2);DDR4;2;4;8;2400;878000;2.67399172
Team;TPD48GM2400HC8DC01 (4Gbx2);DDR4;2;4;8;2400;878000;2.67399172
Team;TPRD416GM2400HC16DC01 (8Gbx2) RED;DDR4;2;8;16;2400;1545000;3.40876723
Team;TPRD432GM2400HC16DC01 (16Gbx2)RED;DDR4;2;16;32;2400;2900000;4.883461108
Team;TPRD44GM2400HC1601 (4Gb) RED;DDR4;1;4;4;2400;445000;2.282236618
Team;TPRD4816M2400HC1601 (16Gb) RED;DDR4;1;16;16;2400;1460000;3.387950904
Team;TPRD48GM2400HC1601 (8Gb) RED;DDR4;1;8;8;2400;780000;2.64999172
Team;TPRD48GM2400HC8DC01 (4Gbx2) RED;DDR4;2;4;8;2400;878000;2.67399172
V-GEN;16GB PC 17000 / 2133 V-GEN;DDR4;1;16;16;2133;1688000;3.197998344
V-GEN;16GB PC 19200 / 2400;DDR4;1;16;16;2400;1688000;3.443787638
V-GEN;4GB PC 17000 / 2133;DDR4;1;4;4;2133;438000;2.034733038
V-GEN;4GB PC 19200/2400 V-GEN;DDR4;1;4;4;2400;438000;2.280522332
V-GEN;8GB PC 17000 / 2133 V-GEN;DDR4;1;8;8;2133;828000;2.415957528
V-GEN;8GB PC 19200 / 2400;DDR4;1;8;8;2400;828000;2.661746822
Venomrx;4Gb PC 2400 Venomrx;DDR4;1;4;4;2400;363000;2.262154985
Venomrx;4Gb PC 2400 Venomrx Gamer Heatsink;DDR4;1;4;4;2400;390000;2.26876723
Venomrx;8Gb PC 2400 Venomrx;DDR4;1;8;8;2400;670000;2.623052944
Venomrx;8Gb PC 2400 Venomrx Gamer Heatsink;DDR4;1;8;8;2400;690000;2.627950904
Visipro;4Gb PC 17000;DDR4;1;4;4;2133;418000;2.029835079
